Club,Total Market Value
Chelsea FC,€13.59m
Manchester United,€10.14m
Liverpool FC,€10.39m
Arsenal FC,€7.60m
Tottenham Hotspur,€6.48m
Manchester City,€6.62m
Everton FC,€5.95m
Aston Villa,€4.50m
Portsmouth FC,€4.24m
Newcastle United,€3.54m
West Ham United,€3.35m
Sunderland AFC,€2.51m
Wigan Athletic,€2.96m
Blackburn Rovers,€2.53m
Middlesbrough FC,€2.59m
Fulham FC,€2.21m
Bolton Wanderers,€2.47m
West Bromwich Albion,€1.89m
Hull City,€1.85m
Stoke City,€1.67m
Man Utd,1
Liverpool,2
Chelsea,3
Arsenal,4
Everton,5
Aston Villa,6
Fulham,7
Tottenham,8
West Ham,9
Man City,10
Wigan,11
Stoke City,12
Bolton,13
Portsmouth,14
Blackburn,15
Sunderland,16
Hull City,17
Newcastle,18
Middlesbrough,19
West Brom,20
